page,views,conversion
/links,94,24
/,69,0
/kept-savings-2026,24,21
/contact,18,0
/about,11,0
/debt-consolidation-2026,8,2
/quiz,8,0
/disclaimer,7,0
/loan-cash-2026,7,0
/title-loan-2026,7,8
/insurance-compare-2026,6,0
/debt-consolidation-2026.html,4,0
/loan-cash-2026.html,4,0
/credit-card-salary-15000-2026,3,0
/emergency-fund-2026,3,3
/lifestyle-credit-card-2026,3,1
/personal-loan-2026,3,1
/title-loan-2026.html,3,0
/cash-card-vs-credit-card-2026,2,0
/credit-bureau-check-2026.html,2,0
/credit-card-easy-approval-2026,2,0
/credit-card-easy-approval-2026.html,2,0
/credit-card-krungsri-2026,2,0
/credit-card-salary-30000-2026.html,2,0
/debt-clinic-sam-2026,2,0
/how-to-save-money-2026,2,0
/quiz.html,2,0
/car-for-cash-2026,1,0
/car-insurance-2026.html,1,0
/credit-card-debt-lawsuit-2026.html,1,0
/credit-card-freelance-2026,1,0
/credit-card-installment-0-2026,1,0
/credit-card-salary-20000-2026.html,1,0
/credit-card-salary-30000-2026,1,0
/critical-illness-insurance-2026.html,1,0
/debt-clinic-sam-2026.html,1,0
/debt-restructuring-2026.html,1,0
/first-credit-card-student-2026,1,0
/freelance-loan-2026.html,1,0
/high-yield-savings-2026.html,1,0
/insurance-compare-2026.html,1,0
/kept-interest-rate-2026,1,0
/life-insurance-tax-2026.html,1,0
/move-informal-debt-2026.html,1,0
/park-money-high-interest-2026.html,1,0
/refinance-home-2026,1,0
/travel-insurance-vacation-2026,1,0
